{
    "tokenizer": "tokenizer_49k.json",
    "total_tokens": 65266934,
    "total_words": 50000237,
    "total_chars": 304728618,
    "tokens_per_word": 1.3053324927239844,
    "chars_per_token": 4.668958679750454
}
{
    "tokenizer": "tokenizer_32k.json",
    "total_tokens": 66827868,
    "total_words": 50000237,
    "total_chars": 304728618,
    "tokens_per_word": 1.3365510247481427,
    "chars_per_token": 4.5599033325438425
}
{
    "tokenizer": "tokenizer_32k_whitespace.json",
    "total_tokens": 64134739,
    "total_words": 50000237,
    "total_chars": 304728618,
    "tokens_per_word": 1.2826887000555618,
    "chars_per_token": 4.751381587442026
}
